"area","rooms","property_sub_type","median_sales_amount_2022","median_sales_area_sqm_2022","median_sales_per_sqm_2022","median_rent_2022","median_rent_area_sqm_2022","median_rent_per_sqm_2022","no_of_transactions_2022","gross_rental_yield_2022","yoy_growth_2021","yoy_growth_2020","yoy_growth_2019","yoy_growth_2018","yoy_growth_2017","yoy_growth_2016"
"ARJAN","3 B/R","Flat","1616799.0","153.62","10524.665","80000.0","138.62","577.1172990910402","7","0.054834742668679534","-0.04139793","0.34029734","0.015630126","0.13909793","-0.060251713",
"AL FURJAN","2 B/R","Flat","1209000.0","107.22","11275.881","69300.0","129.56","534.8873108984254","249","0.047436410296381334","0.3844527","0.41054213","0.3363353","0.17524993","0.1268847","0.15826488"
"JUMEIRAH LAKES TOWERS","5 B/R","Flat","8300000.0","429.55","19322.547","92000.0","184.0","500.0","8","0.025876505992432738","-0.007074535",,"1.1933477",,"1.5962198",
"JUMEIRAH LAKES TOWERS","3 B/R","Flat","1555160.0","141.24","11010.762","100000.0","142.0","704.2253521126761","143","0.06395791409357858","0.28775632","0.0847919","0.55540204","0.1899395","0.08757913","0.09925938"
"ARABIAN RANCHES II","4 B/R","Villa","2575000.0","273.78","9405.362","170000.0","273.68","621.1634025138848","52","0.06604353797240811","0.2200352","0.44623125","0.44640183","-0.03032887","-0.020782173",
"ARABIAN RANCHES I","4 B/R","Villa","2355000.0","287.41","8193.869","135000.0","287.0","470.38327526132406","44","0.05740673510749341","0.09950018","0.4037788","0.5707165","0.22344983","0.21302783","0.08362138"
"TILAL AL GHAF","4 B/R","Villa","2200000.0","207.85","10584.556",,,,"43",,"0.18408966","0.27894664",,,,
"Al Yelayiss 2","3 B/R","Villa","1710888.0","187.92","9104.343","105000.0","188.0","558.5106382978723","339","0.06134551962689308","0.013026357","0.40704513","0.6413971","0.27119648",,
"DOWN TOWN JABAL ALI","Studio","Flat","429000.0","32.99","13003.939","29000.0","34.0","852.9411764705883","92","0.06559098337432019","0.10964739","-0.08452439","-0.077646196","-0.08007145","-0.08950764",
"DUBAI INVESTMENT PARK FIRST","3 B/R","Villa","3300000.0","375.0","8800.0","154000.0","302.65","508.83859243350406","26","0.0578225673219891","-0.10425216","-0.13018233","0.43462956","0.26923072","0.044965267","0.046780944"
"LIVING LEGENDS","2 B/R","Flat","3985571.0","308.56","12916.681","55000.0","135.0","407.4074074074074","4","0.031541184457777816","1.5575027","1.5350227","-0.060581267","1.2872722","0.5409261","1.0053864"
"ARABIAN RANCHES III","4 B/R","Villa","2250000.0","235.26","9563.887",,,,"99",,"-0.026051044","0.22110057","0.21919012",,,
"AL KHAIL HEIGHTS","3 B/R","Flat","1150000.0","189.43","6070.844","75000.0","189.23","396.3430745653438","3","0.06528631916893896",,,"0.60271525","-0.25393182",,
"Al Kheeran","3 B/R","Villa",,,,,,,,,,,,,,
"PEARL JUMEIRA","4 B/R","Flat",,,,,,,,,,,,,,
"Al Yufrah 2","2 B/R","Flat","658000.0","64.85","10146.492",,,,"8",,,,"-0.3139181",,,
"DUBAI SOUTH","3 B/R","Villa",,,,,,,,,,,,,,
"BURJ KHALIFA","6 B/R","Flat",,,,,,,,,,,,,,
"DUBAI HILLS","3 B/R","Flat","2800000.0","149.72","18701.576","142000.0","161.0","881.9875776397515","211","0.04716113602051139","0.11895263","0.6022308","0.29249728","0.2384919","0.30255818","0.37398922"
"JADDAF WATERFRONT","Studio","Flat","493475.0","30.42","16222.058","43000.0","60.0","716.6666666666666","46","0.044178530466279946","1.0637622","0.41023755","0.17519796","0.12666905","0.024795651","0.031912565"
"AKOYA OXYGEN","1 B/R","Flat","590000.0","69.5","8489.209","30000.0","71.0","422.53521126760563","18","0.04977321350496991","0.017399073","0.07897544","0.017399073","0.0028874874","-0.3462596","-0.27821517"
"BUSINESS BAY","Studio","Flat","790000.0","40.34","19583.54","48000.0","45.0","1066.6666666666667","1466","0.054467512907776634","0.23250341","0.29519284","0.019128323","0.055742264","0.09207463","0.03170681"
"DUBAI INVESTMENT PARK SECOND","1 B/R","Flat","400000.0","82.26","4862.6304","34000.0","79.0","430.37974683544303","3","0.08850760061753117","0.09429729","0.28276193",,"-0.2446714","-0.35716027","-0.40965962"
"DUBAI MARINA","Studio","Flat","725000.0","43.81","16548.732","50000.0","48.0","1041.6666666666667","146","0.06294540512901979","0.26086962","0.2965529","0.096717596","-0.051219463","0.014253378","0.054561973"
"BLUEWATERS","4 B/R","Flat","1.2E7","235.09","51044.28","850000.0","229.81","3698.7076280405554","19","0.07246076421226041","0.74223816","1.3365757","1.1493819","1.1132646",,
"SUSTAINABLE CITY","3 B/R","Villa","3302250.0","195.64","16879.217","175000.0","195.78","893.8604556134436","80","0.05295627554110994","0.1482588","0.10423839","0.0025718212","0.100299835","0.0833137","0.031003714"
"REMRAAM","Studio","Flat","295000.0","43.52","6778.4927","24750.0","43.49","569.0963439871234","24","0.0839561789334725","0.10960984","0.17918658","-0.017344475","-0.36197436","-0.40648776","-0.2981032"
"CITY WALK","4 B/R","Flat","8422000.0","286.02","29445.494","336000.0","390.34","860.7880309473793","5","0.029233268317266164","-0.11668867",,"0.81225014","1.2186391","0.6401607","0.9486513"
"Al Kheeran","Studio","Flat",,,,,,,,,,,,,,
"Island 2","3 B/R","Villa","1.55E7","287.31","53948.695",,,,"6",,"0.9679916","1.4915113","1.5790586",,,
"PALM JUMEIRAH","5 B/R","Villa","3.3E7","412.76","79949.61",,,,"4",,,,"0.32000005",,,
"LA MER","5 B/R","Villa","1.5E7","685.94","21867.803",,,,"8",,"0.014214516","0.3026911","0.3988216",,,
"TOWN SQUARE","4 B/R","Flat",,,,,,,,,,,,,,
"MBR DISTRICT 7","Studio","Flat","629395.0","38.25","16454.771",,,,"77",,"0.32769442","0.4838891","0.48407924",,,
"AL KHAIL HEIGHTS","5 B/R","Flat",,,,,,,,,,,,,,
"DUBAI INVESTMENT PARK SECOND","3 B/R","Flat",,,,,,,,,,,,,,
"DUBAI SOUTH","Studio","Flat","305550.0","41.09","7436.1157","22000.0","40.8","539.2156862745098","93","0.07251308430174577","-0.055365443","-0.27171862","-0.2565841","-0.2662388","-0.17830706","-0.16982752"
"TOWN SQUARE","3 B/R","Flat","1215000.0","133.3","9114.778","75000.0","131.58","569.9954400364796","21","0.06253530475516132","-0.16458595","0.103640795","0.006184578","-0.12915206","-0.092041135","-0.029664814"
"LIWAN","Studio","Flat","366300.0","37.69","9718.759","25000.0","47.24","529.2125317527518","3","0.05445268714234662","0.024615407","0.046571493","0.06230247","-0.07732332","0.8057898","0.5039338"
"Mirdif","3 B/R","Flat","2042937.0","166.21","12291.3","92000.0","169.33","543.3177818460993","25","0.04420344393836164","0.10421467","0.061038733","0.14336514","0.12319517","-0.021672487",
"DISCOVERY GARDENS","1 B/R","Flat","433000.0","89.0","4865.1685","43000.0","90.0","477.77777777777777","151","0.09820374813276664","0.030952334","0.06796384","-0.10639763","-0.22501743","-0.37447834","-0.36541277"
"DUBAI HARBOUR","4 B/R","Flat","8250000.0","240.03","34370.703",,,,"31",,"0.05212629","0.3473928","0.4445213",,,
"RUKAN","1 B/R","Villa","350000.0","69.52","5034.5225",,,,"44",,"-0.2695399",,,,,
"DUBAI MARINA","3 B/R","Villa","5467610.0","423.33","12915.716","237500.0","341.74","694.972786328788","5","0.05380830578788415","-0.027388394",,,"0.19559348","-0.06997907","0.17603362"
"LIWAN","3 B/R","Villa",,,,,,,,,,,,,,
"PALM JUMEIRAH","4 B/R","Villa",,,,,,,,,,,,,,
"Jabal Ali First","Studio","Flat",,,,,,,,,,,,,,
"SUSTAINABLE CITY","4 B/R","Villa","3556800.0","217.44","16357.615","178500.05","216.02","826.3126099435236","66","0.05051546928473133","0.074943185","0.09828174","0.06966019","0.12521851","0.07545912","0.16653931"
"AL BARARI","3 B/R","Flat","5727709.0","653.35","8766.678","275000.0","369.75","743.7457741717377","6","0.08483781390245906","0.2211982","-0.22243953","-0.18304878",,,
"DUBAI MARINA","5 B/R","Villa",,,,,,,,,,,,,,
"MAJAN","2 B/R","Flat",,,,,,,,,,,,,,
"Warsan First","1 B/R","Flat","515000.0","58.73","8768.942",,,,"5",,"-0.017925262","-0.02004981",,,,
"JUMEIRAH PARK","4 B/R","Villa","4000000.0","249.44","16035.92","235000.0","188.0","1250.0","8","0.07795000262472275","0.037855744","0.11473405",,,,
"Island 2","5 B/R","Villa","3.0E7","473.75","63324.54",,,,"7",,,,"2.032675",,,
"Al Barshaa South Third","2 B/R","Flat",,,,,,,,,,,,,,
"MBR DISTRICT 7","3 B/R","Villa","2275000.0","135.68","16767.395",,,,"15",,"0.35030866","0.2253753",,,,
"DUBAI HEALTHCARE CITY - PHASE 1","2 B/R","Flat",,,,,,,,,,,,,,
"AL KHAIL HEIGHTS","4 B/R","Flat",,,,,,,,,,,,,,
"SUSTAINABLE CITY","5 B/R","Villa",,,,,,,,,,,,,,
"INTERNATIONAL CITY PH 1","4 B/R","Flat",,,,,,,,,,,,,,
"EMIRATE LIVING","3 B/R","Villa","2650000.0","255.78","10360.466","136965.03","259.0","528.8225096525097","201","0.05104234875382842","0.22710204","0.53328884","0.74515045","0.26244748","0.28743112","0.13495731"
"JUMEIRAH VILLAGE CIRCLE","3 B/R","Villa","1700000.0","161.93","10498.364","110000.0","157.0","700.6369426751593","89","0.06673772460826655","0.09399521","0.3076924","0.2204349","-0.0035817027","-0.020517826","-0.12658858"
"JUMEIRAH VILLAGE CIRCLE","4 B/R","Villa","1900000.0","169.38","11217.381","120000.0","161.2","744.4168734491316","51","0.066362806325416","0.04594493","0.18177044","1.5240602","-0.12826318","-0.20286196","-0.24916273"
"LA MER","3 B/R","Villa","7650000.0","330.84","23122.96",,,,"6",,"0.18816102","0.3008653","0.61462736",,,
"Um Suqaim Third","3 B/R","Flat","4069000.0","175.46","23190.47",,,,"48",,,,,,,
"Al Barshaa South Third","1 B/R","Flat","1272622.0","85.95","14806.539",,,,"7",,"0.832556",,,"0.46445704","0.41871917","0.51084375"
"DUBAI PRODUCTION CITY","1 B/R","Flat","779896.9","63.11","12357.738","31050.0","62.0","500.80645161290323","273","0.04052573700907396","0.066756964","0.9202719","0.19780517","0.129969","0.18713617","0.17056298"
"EMAAR SOUTH","4 B/R","Villa","1485888.0","272.91","5444.608",,,,"63",,"-0.03314835","-0.015313566","-0.02602005",,,
"Mirdif","Studio","Flat","676134.0","51.18","13210.902","32000.0","48.0","666.6666666666666","43","0.05046337103400531","0.028540969","0.041935682","0.062370658",,"-0.07387692","0.07806265"
"Al Kheeran","1 B/R","Flat",,,,,,,,,,,,,,
"EMAAR SOUTH","2 B/R","Flat","1097144.0","113.1","9700.654","45000.0","113.0","398.2300884955752","38","0.041051879214360036","-0.024495542","0.048005104","0.09966123","0.09966123","0.15297043","0.21654701"
"Wadi Al Safa 3","3 B/R","Flat","1050000.0","168.28","6239.6006","70000.0","168.28","415.97337770382694","16","0.06666666751736113","0.0",,"0.03906536","-0.23753852","-0.2500431","-0.2059182"
"DUBAI HARBOUR","3 B/R","Flat","6300000.0","180.66","34872.137","330000.0","195.0","1692.3076923076924","254","0.04852893603728546","0.2710005","0.4725356","0.68695927","0.5216247",,
"PALM JUMEIRAH","2 B/R","Flat","3900000.0","175.08","22275.531","115500.0","147.0","785.7142857142857","573","0.035272527370779794","0.47494888","1.1038852","1.105936","0.52726614","0.4097842","0.38318443"
"MOTOR CITY","2 B/R","Flat","1030000.0","152.55","6751.8843","76000.0","137.0","554.7445255474453","58","0.08216143860891031","-0.11329341","-0.057362914","-0.3270412","-0.256221","-0.33318853","-0.28307676"
"Al Barsha First","1 B/R","Flat","895699.06","77.76","11518.764","48000.0","75.0","640.0","4","0.0555615184260328",,,,,"-0.18437243",
"JADDAF WATERFRONT","2 B/R","Flat","1100000.0","86.97","12648.039","90000.0","133.16","675.8786422349054","47","0.05343742527162245","0.3338884","0.15417576","-0.06770635","-0.0961318","-0.21658194","-0.21663564"
"THE GREENS","4 B/R","Flat",,,,,,,,,,,,,,
"Trade Center Second","2 B/R","Flat","2075000.0","196.03","10585.114","54000.0","96.62","558.8904988615193","12","0.05279966613955271","0.14333344",,"-0.08090222","0.16573024","-0.2654795","-0.2168951"
"AL FURJAN","Studio","Flat","447236.0","38.16","11720.021","30000.0","38.0","789.4736842105264","372","0.06736111237193923","0.071038604","-2.5850534E-4","-0.079203546","-0.16153151","-0.15453267","-0.06437194"
"RUKAN","3 B/R","Villa",,,,,,,,,,,,,,
"THE FIELD","4 B/R","Villa",,,,,,,,,,,,,,
"MEYDAN ONE","1 B/R","Flat","800575.06","54.73","14627.719",,,,"310",,"-0.052808583","0.01246798","-0.038814783","-0.0155210495","0.0018619299",
"MINA RASHID","2 B/R","Flat","1864888.0","107.51","17346.182",,,,"117",,,"0.15638494","0.031956196",,,
"Al Qusais Industrial Fourth","1 B/R","Flat",,,,,,,,,,,,,,
"Um Suqaim Third","1 B/R","Flat","1471000.0","69.86","21056.398",,,,"224",,,,,,,
"JUMEIRAH LAKES TOWERS","1 B/R","Flat","850000.0","78.01","10896.039","57750.0","79.0","731.0126582278481","489","0.06708976115400633","0.026948452","0.24725592","0.12501597","0.0","-0.14999998","-0.13870943"
"SERENA","2 B/R","Villa","1450000.0","175.99","8239.1045","82000.0","173.0","473.9884393063584","31","0.05752912100529914","0.060631037","0.31596804","0.043421984","0.029202938","0.06320751",
"DUBAI MARITIME CITY","1 B/R","Flat","1616392.0","90.8","17801.674","75000.0","89.0","842.6966292134831","28","0.04733805581147658",,,"-0.25476873",,,"-0.21269262"
"ARABIAN RANCHES I","5 B/R","Villa","2850000.0","330.68","8618.6045","150000.0","338.38","443.28861043796917","20","0.05143391959101925","0.19274724","0.18824935","0.113652945","0.35966325","-0.079768","-0.18947512"
"JUMEIRAH GOLF","3 B/R","Flat","1761000.0","167.85","10491.51","125000.0","167.85","744.7125409591898","22","0.07098239982573432","0.010688186",,"0.44636774","0.050288558","0.06903434",
"VILLANOVA","4 B/R","Villa","1942000.0","238.31","8149.05","125000.0","237.0","527.4261603375527","276","0.06472241218039512","0.1308626","0.19293451","0.16343749","0.12188709","-0.19605565",
"JUMEIRAH GOLF","1 B/R","Flat","829555.06","76.28","10875.132","53000.0","76.0","697.3684210526316","66","0.06412505444284707","0.15651524","0.2866783","0.04401815","0.054263473","0.0272609","0.16009319"
"TECOM SITE A","3 B/R","Flat","1.2804E7","299.71","42721.297",,,,"57",,"0.83560216",,,,,
"BURJ KHALIFA","2 B/R","Flat","3133930.0","119.48","26229.744","105000.0","127.93","820.7613538653951","1508","0.03129124514006175","0.35945308","0.38643193","0.26524043","0.34737563","0.15521848","0.015182376"
"JUMEIRAH HEIGHTS","2 B/R","Flat","2000000.0","197.19","10142.502","130000.0","197.0","659.8984771573604","11","0.06506269165213614","0.14152408","0.38133883","0.11460459","0.05140376","0.0655849","-0.05734396"
"Al Qusais Industrial Fourth","3 B/R","Flat",,,,,,,,,,,,,,
"EMAAR SOUTH","3 B/R","Villa","1160000.0","141.09","8221.703",,,,"106",,"0.08485544","0.06605959","0.06605959","0.003942251",,
"AL WAHA","2 B/R","Flat","1100000.0","169.46","6491.207","74519.23","169.0","440.9421893491124","7","0.06792915204003298","0.4211887","0.4965986",,"-0.1538462",,"-0.18441045"
"LA MER","2 B/R","Flat","2689000.0","113.06","23783.832","150000.0","113.0","1327.4336283185842","140","0.055812437061212236","0.24128747","0.2914164","0.2252698",,,
"JUMEIRAH VILLAGE CIRCLE","4 B/R","Flat","2000000.0","293.58","6812.4536","120000.0","300.31","399.58709333688523","5","0.058655385565909525","0.25344515","0.5299257","-0.32060558",,"-0.084584","-0.0021530986"
"LIVING LEGENDS","3 B/R","Flat",,,,,,,,,,,,,,
"JUMEIRAH GOLF","4 B/R","Flat","2614000.0","247.08","10579.569","180000.0","247.0","728.744939271255","7","0.0688822877502015","0.04720807",,,,"0.14554226",
"THE LAKES","1 B/R","Flat","1300000.0","81.7","15911.873","80000.0","82.0","975.609756097561","6","0.0613133195082376","0.1659193","0.4130435","0.21934342","0.0032647848","0.004437089","0.085963845"
"JUMEIRAH VILLAGE TRIANGLE","3 B/R","Villa","2270000.0","199.06","11403.597","150000.0","209.0","717.7033492822967","4","0.06293657776942392","0.22899103","0.47058105","0.52047956","0.35218143","0.047855616",
"CHERRYWOODS","3 B/R","Villa","1980000.0","186.48","10617.761",,,,"7",,"0.107940316","0.16607499","0.22213113",,,
"DUBAI SOUTH","4 B/R","Villa",,,,,,,,,,,,,,
"BURJ KHALIFA","1 B/R","Flat","1750000.0","75.21","23268.184","78000.0","85.0","917.6470588235294","1365","0.03943784675439883","0.45265067","0.46085405","0.21444559","0.3077104","0.18162608","0.11830914"
"DUBAI SPORTS CITY","Studio","Flat","300000.0","39.87","7524.4546","26000.0","42.0","619.047619047619","271","0.08227142733816059","0.0","0.050107718","-0.13640767","-0.3068061","-0.3356303","-0.3238964"
"VILLANOVA","3 B/R","Villa","1548000.0","162.35","9534.955","92000.0","161.19","570.7550096159812","511","0.059859223765553096","0.09750807","0.19179666","0.16041982","0.11241138","0.08772874",
"DUBAI HILLS","5 B/R","Villa","3700000.0","288.7","12816.071","177000.0","292.0","606.1643835616438","55","0.04729720753652151","0.09003401","0.60334396","0.16331542","0.16886294","0.20397186","0.14723754"
"INTERNATIONAL CITY PH 1","2 B/R","Flat","550000.0","93.92","5856.048","42000.0","88.26","475.8667573079537","75","0.0812607358017035","-0.18655539","0.03568399","-0.07299781","-0.32515275","-0.17923683","-0.21022695"
"ARABIAN RANCHES I","2 B/R","Villa","2600000.0","256.97","10117.912","120000.0","226.0","530.9734513274336","35","0.05247855936952122","0.10482478","0.68910384","0.6621268","0.3408897","0.1678369","0.15178633"
"PEARL JUMEIRA","2 B/R","Flat","5100000.0","172.6","29548.088",,,,"4",,"0.28892207","0.2993785","0.2987013","0.28690386",,
"JUMEIRAH BEACH RESIDENCE","5 B/R","Flat",,,,,,,,,,,,,,
"DUBAI WATER CANAL","4 B/R","Flat",,,,,,,,,,,,,,
"Um Suqaim Third","2 B/R","Flat","2402000.0","109.06","22024.574",,,,"151",,,,,,,
"BUSINESS BAY","1 B/R","Flat","1153900.0","65.26","17681.58","63000.0","86.0","732.5581395348837","2809","0.04143058122057642","0.26289606","0.55008507","0.33871794","0.12600529","0.18443012","0.16790688"
"Mirdif","2 B/R","Flat","1522590.1","137.94","11038.061","70000.0","141.0","496.45390070921985","60","0.044976551686860565","0.027183056","0.18642426","0.029085636","0.10839498","0.0014019012","0.64850545"
"AL BARARI","2 B/R","Flat","3100000.0","244.87","12659.779","270000.0","297.0","909.0909090909091","31","0.07180938054072661","0.16533267","0.11261666","0.24533272","0.04942453","-0.03838581","-0.2639628"
"DAMAC HILLS","Studio","Flat","506000.0","37.85","13368.561","28000.0","38.0","736.8421052631579","205","0.055117535106305834","-0.0031704307","0.037509084","-0.03435117","-0.048621714","-0.059731603","0.034407735"
"BUSINESS BAY","3 B/R","Flat","2866300.2","177.34","16162.74","116000.0","175.49","661.006325146732","275","0.040896921905661784","0.14992952","0.14831352","0.22636414","0.24898732","0.09174311","0.020196438"
"Zaabeel First","3 B/R","Flat","9760823.0","226.22","43147.48",,,,"11",,,,,"0.89770937",,
"MBR DISTRICT 7","2 B/R","Villa","1650000.0","105.04","15708.302",,,,"23",,"0.336949","0.13793111",,,,
"DOWN TOWN JABAL ALI","1 B/R","Flat","580000.0","65.01","8921.704","33000.0","67.0","492.53731343283584","33","0.05520664077466719","-0.011925042","-0.14344358","0.30026639","-0.27802944","-0.27843332","-0.052413464"
"AL KHAIL HEIGHTS","6 B/R","Villa",,,,,,,,,,,,,,
"DUBAI INDUSTRIAL CITY","Studio","Flat",,,,,,,,,,,,,,
"SUFOUH GARDENS","1 B/R","Flat","870000.0","78.39","11098.3545","60000.0","76.95","779.7270955165692","3","0.07025609932224142","0.074097395",,"0.056464076","-0.022567928","-0.26884806","-0.25554764"
"JUMEIRAH BEACH RESIDENCE","3 B/R","Flat","2170000.0","177.23","12243.977","135000.0","177.0","762.7118644067797","103","0.062292822965927634","-0.27140176","-0.03102231","0.2508446","9.2983246E-4","-0.103690445","-0.1428256"
"INTERNATIONAL CITY PH 2 & 3","Studio","Flat","265000.0","41.03","6458.689","22872.93","40.0","571.82325","37","0.08853549893988953","-0.057031453","-0.051145732","-0.0020129085","-0.24642271","-0.33883417","-0.29318297"
"BUSINESS BAY","2 B/R","Flat","1800000.0","116.48","15453.296","90000.0","134.0","671.6417910447761","1349","0.04346268883084589","0.08575785","0.16220522","0.07515013","-0.026325226","0.09118128","-0.01488924"
"DUBAI CREEK HARBOUR","4 B/R","Flat","5226888.0","277.55","18832.24","270000.0","314.7","857.9599618684462","54","0.0455580404238041","0.16275334","0.20957851","-0.050355732","-0.058490872","0.040884376",
"RUKAN","2 B/R","Villa","495000.0","123.75","4000.0",,,,"19",,"-0.38547486",,,,,
"DUBAI HILLS","3 B/R","Villa","3309888.0","271.89","12173.628","165000.0","198.0","833.3333333333334","106","0.0684539841488917","0.07699311","0.13660073","0.048047185","0.061086297","0.13615167","0.09873557"
"PALM JUMEIRAH","7 B/R","Villa",,,,,,,,,,,,,,
"TECOM SITE A","2 B/R","Flat","3315000.0","126.69","26166.232",,,,"149",,"0.067911506",,,,,
"LIWAN","2 B/R","Villa",,,,,,,,,,,,,,
"Al Hebiah Fourth","4 B/R","Villa","3025000.0","227.47","13298.457",,,,"66",,"0.102874994",,,,,
"AKOYA OXYGEN","Studio","Flat","343000.0","39.3","8727.735","22000.0","39.89","551.5166708448232","18","0.06319126882623531","-0.053667486","-0.00453943","-0.0047887564","-0.2807142",,"-0.29885936"
"Al Qusais Industrial Fourth","Studio","Flat",,,,,,,,,,,,,,
"JUMEIRAH GOLF","2 B/R","Flat","1349000.0","127.5","10580.393","80000.0","127.28","628.5355122564425","73","0.05940568911931888","0.015130758","0.024321675","0.015548706","-0.0065798163","0.11452043","0.07311833"
"ARABIAN RANCHES I","3 B/R","Villa","3100000.0","368.08","8422.082","150000.0","321.0","467.2897196261682","44","0.055483871789932374","0.078208685","0.41586685","0.14549303","0.09242427","-0.007368684","0.031003237"
"Al Kheeran","4 B/R","Flat","4129000.0","468.51","8813.046",,,,"3",,,,,,,
"DUBAI HILLS","1 B/R","Flat","1124888.0","60.21","18682.744","57000.0","60.0","950.0","616","0.05084906118979903","0.4258914","0.34599304","0.1565088","0.2958231","0.28822386","0.515126"
"AL BARARI","1 B/R","Flat","1400000.0","113.1","12378.427","160000.0","179.0","893.8547486033519","44","0.07221069091346409","-0.016614795","0.046485066","0.41353643",,,
"JUMEIRAH VILLAGE CIRCLE","2 B/R","Flat","1050000.0","108.66","9663.169","68250.0","125.0","546.0","620","0.05650320335803078","0.2057488","0.2996962","0.09483695","0.05626285","0.009110928","0.09460139"
"Rega Al Buteen","1 B/R","Flat","700000.0","85.75","8163.265","57750.0","86.0","671.5116279069767","4","0.08226017612566397",,,,,,"-0.31707317"
"Island 2","4 B/R","Villa",,,,,,,,,,,,,,
"Wadi Al Safa 7","3 B/R","Villa","1149298.0","105.75","10868.066",,,,"33",,,,,,,
"DUBAI MARINA","4 B/R","Villa",,,,,,,,,,,,,,
"JUMEIRAH VILLAGE CIRCLE","Studio","Flat","442775.0","39.08","11329.964","30000.0","42.18","711.2375533428165","1260","0.06277491805623657","0.10268867","0.04828632","0.09777784","0.022236109","0.03354442","0.06954861"
"TOWN SQUARE","2 B/R","Flat","760000.0","87.47","8688.693","50600.0","87.0","581.6091954022988","68","0.06693862602191493","-0.16383696","-0.17688912","-0.1406982","-0.16014802","-0.18129563","-0.13966137"
"TOWN SQUARE","1 B/R","Flat","520000.0","55.98","9289.032","36000.0","58.0","620.6896551724138","35","0.06681962555771069","-0.33495837","-0.1387003","-0.16266078","-0.28332484","-0.13681126","-0.12216282"
"Al Yufrah 2","1 B/R","Flat","404000.0","39.43","10246.006",,,,"22",,"0.04163289","-0.040601313","-0.033665895","0.95809793","-0.048442245","-0.2466172"
"Jumeirah Second","4 B/R","Flat","2.1647014E7","352.31","61443.086",,,,"7",,,,,,,
"THE LAKES","3 B/R","Villa","3800000.0","247.9","15328.762","170000.0","234.0","726.4957264957264","31","0.047394286624410344","0.35578108","0.5252731","0.5265089","0.22705483","0.6581476","0.11355746"
"Al Kifaf","1 B/R","Flat","1629777.0","91.73","17767.11","75000.0","92.0","815.2173913043479","66","0.045883512849391","0.058389068","0.046333194","0.007490635","0.089395046",,
"ARJAN","Studio","Flat","441000.0","33.84","13031.915","30000.0","43.03","697.1880083662561","848","0.05349850780000258","0.28389752","0.18937945","0.21142673","0.038059473","0.08920741","-0.0055544972"
"JUMEIRAH LIVING","4 B/R","Flat","7500000.0","273.4","27432.334","480000.0","254.0","1889.763779527559","7","0.06888818795381892","0.4266125","0.6067511","0.5204482",,,
"Al Hebiah Sixth","4 B/R","Villa","2584000.0","266.76","9686.609",,,,"95",,,,,,,
"Wadi Al Safa 7","2 B/R","Flat","572723.0","80.73","7094.302",,,,"30",,"0.014606714",,"-0.19648099",,,
"PALM JUMEIRAH","4 B/R","Flat","2.3267E7","582.23","39961.87","216000.0","381.0","566.9291338582677","109","0.014186751479385432","0.02967763","0.5460985","0.6875379","1.3851597","1.0660689","0.61918867"
"SUFOUH GARDENS","Studio","Flat",,,,,,,,,,,,,,
"SUFOUH GARDENS","3 B/R","Flat","2000000.0","173.86","11503.509","120000.0","170.09","705.5088482568052","4","0.06132988301165995",,,"0.14279127","0.38056493","-0.15843797","-0.33333337"
"THE LAKES","2 B/R","Flat","2300000.0","134.07","17155.217","120000.0","132.0","909.0909090909091","8","0.052992096798013616","0.22216833","0.5747169","0.37149632","0.1822846","0.15612483","0.1903044"
"MINA RASHID","4 B/R","Flat","5759888.0","298.66","19285.77",,,,"3",,,,,,,
"THE VALLEY","3 B/R","Villa","1355000.0","174.0","7787.3564",,,,"78",,"-0.029291749","0.13115752",,,,
"DUBAI INVESTMENT PARK FIRST","2 B/R","Flat","1170000.0","143.84","8134.038","94500.0","148.0","638.5135135135135","10","0.07849895793055175","0.293782","0.29595113","0.13592231","0.5650588","0.075823784","0.1334976"
"DUBAI INDUSTRIAL CITY","4 B/R","Villa",,,,,,,,,,,,,,
"BUSINESS PARK","1 B/R","Flat",,,,,,,,,,,,,,
"Zaabeel Second","2 B/R","Flat","2375000.0","110.41","21510.732","155000.0","115.0","1347.8260869565217","80","0.06265830751471164","-0.028904796","0.059314966","0.09252858","0.07793975","0.113768935","0.09043062"
"MUDON","2 B/R","Flat","1686000.0","186.72","9029.5625","70000.0","102.0","686.2745098039215","10","0.07600307432435642","-0.30445164","-0.25081164","-0.35150015","-0.25649142","-0.35150015",
"Zaabeel Second","1 B/R","Flat","1514888.0","69.33","21850.396","97000.0","81.0","1197.530864197531","57","0.05480591004624897","0.0028179884","0.044831038","0.11595416","0.12160528","0.12795007","0.15612733"
"BUSINESS PARK","2 B/R","Flat",,,,,,,,,,,,,,
"TECOM SITE A","4 B/R","Flat","1.4889E7","393.42","37845.05",,,,"7",,,,,,,
"SILICON OASIS","3 B/R","Flat","1150000.0","154.0","7467.532","90000.0","223.54","402.61250782857655","17","0.05391506800552632","0.03757572","0.11303949","0.18978119","5.800467","-0.00999409","-0.08516264"
"THE LAKES","3 B/R","Flat","3075000.0","165.77","18549.797","173250.0","166.0","1043.6746987951808","17","0.05626340308889128","0.17142856","0.36666667","0.20588231","-0.00501281","0.1015929","0.09032786"
"SILICON OASIS","1 B/R","Flat","425000.0","76.37","5565.012","36000.0","73.42","490.329610460365","300","0.08810935038756","-0.045853317","-0.12107593","-0.20144892","-0.28557914","-0.3097545","-0.35682482"
"DUBAI MARINA","3 B/R","Flat","3100000.0","189.71","16340.73","145000.0","187.0","775.4010695187166","325","0.04745204450936835","0.32063842","0.46856523","0.3824948","-0.055451214","-0.032583058","-0.022455871"
"SOBHA HEARTLAND","Studio","Flat","735828.0","44.94","16373.565","40250.0","45.0","894.4444444444445","37","0.05462734724977463","-0.06796414","-0.034164727","-0.027898908","-0.034413397","0.021636367","0.033525348"
"BARSHA HEIGHTS","Studio","Flat","731000.0","41.3","17699.758","40000.0","67.0","597.0149253731344","34","0.03373011832690207","-0.2742359","0.19315755","0.14010048","0.07239711","0.26611412","0.5343162"
"MEYDAN ONE","Studio","Flat","520320.0","32.88","15824.817",,,,"573",,"-0.027686656","0.06805527","-0.011121988","-0.02060628","-0.03793341",
"Al Yelayiss 2","4 B/R","Villa","2125888.0","274.0","7758.7153","130000.0","290.0","448.2758620689655","96","0.057777072992779316","0.108500004","0.38253987","0.5465512","0.27981555",,
"DUBAI HEALTHCARE CITY - PHASE 1","3 B/R","Flat",,,,,,,,,,,,,,
"Al Wasl","2 B/R","Flat","2359000.0","107.06","22034.373",,,,"35",,,,,,,
"BURJ KHALIFA","3 B/R","Flat","4573888.0","167.28","27342.707","160000.0","174.0","919.5402298850574","585","0.03363018258704649","0.07367647","0.28252494","0.07773125","0.22623146","0.06355989","-0.17559332"
"REMRAAM","3 B/R","Flat","1000000.0","204.97","4878.7627","76000.0","204.97","370.7859686783432","27","0.07600000078597657","0.1127373","0.25","0.1127373","-0.4087788","-0.21453828","-0.3197279"
"REMRAAM","1 B/R","Flat","420000.0","65.7","6392.6943","35000.0","70.0","500.0","99","0.07821428238625054","0.24550998","-0.25144833","-0.22274345","-0.41043907","-0.27102995","-0.32790834"
"JUMEIRAH BEACH RESIDENCE","4 B/R","Flat","4000000.0","262.65","15229.394","190000.0","264.89","717.2788704745367","35","0.047098321275817534","-0.28692764","0.3732344","0.5896559","0.46867192","-0.015532255","0.3446169"
"LA MER","3 B/R","Flat","5241000.0","189.37","27675.979","320000.0","185.0","1729.7297297297298","40","0.06249931610378936","0.18597865","0.30040586","0.23288643",,,
"JUMEIRA BAY","1 B/R","Flat","8300000.0","146.0","56849.316","425000.0","138.0","3079.710144927536","7","0.05417321332273669","0.38333333","0.66332674","0.68391156","0.6947007","0.7327591",
"Zaabeel First","1 B/R","Flat","4647000.0","109.9","42283.895",,,,"4",,,,,"1.0739179",,
"JUMEIRA BAY","2 B/R","Flat","1.5E7","180.02","83324.07","540000.0","194.02","2783.218224925265","12","0.03340233157702254","0.83710635","0.87546885","1.118257","1.0788794","1.235734",
"Jabal Ali First","2 B/R","Flat","722999.06","72.35","9993.076",,,,"40",,"-0.010684252","-0.009164691","0.011511803",,,
"MBR DISTRICT 1","2 B/R","Flat","2483573.0","128.37","19346.99",,,,"92",,"0.04077816","0.038656354","0.091543436","0.10829687",,
"Zaabeel First","2 B/R","Flat","8490000.0","187.37","45311.418",,,,"41",,,,,,,
"MOTOR CITY","1 B/R","Flat","600000.0","97.08","6180.4697","47000.0","95.36","492.8691275167785","71","0.07974622469203585","0.098213315","0.13817596","-0.37761182","-0.3033064","-0.41636848","-0.4106304"
"CITY WALK","1 B/R","Flat","1377000.0","69.24","19887.35","115000.0","109.73","1048.0269753030166","239","0.05269817224960792","0.2918421","0.11989224","0.11081469","0.12718773","0.115828514","0.27030158"
"INTERNATIONAL CITY PH 1","Studio","Flat","212000.0","45.0","4711.1113","21000.0","45.0","466.6666666666667","579","0.09905659921061509","0.012530565","-0.0016930699","-0.08850241","-0.36437386","-0.3575757","-0.40101582"
"DUBAI INVESTMENT PARK FIRST","Studio","Flat","330000.0","37.49","8802.347","33000.0","45.0","733.3333333333334","5","0.08331111691221961","0.17159331",,,"0.09997988","0.0728029","0.002059579"
"PALM JUMEIRAH","Studio","Flat","1500000.0","48.65","30832.477","70000.0","50.92","1374.7054202670856","79","0.04458627958349188","0.55919826","1.0745852","0.35462093","0.40445805","0.21017468","-0.042570412"
"DUBAI SPORTS CITY","3 B/R","Flat","1042800.0","195.04","5346.5957","75000.0","149.78","500.73441046868743","12","0.09365481107464628","0.02994299","-0.15363389","-0.31696278","-0.20720679","-0.43670648","-0.37245983"
"DUBAI HEALTHCARE CITY - PHASE 2","1 B/R","Flat","750000.0","66.49","11279.892","48000.0","68.0","705.8823529411765","400","0.06257882414786654","0.21518946","0.24096859","-0.09974313","-0.2772621","-0.23222375",
"AL FURJAN","4 B/R","Villa","2400000.0","221.9","10815.683","115500.0","222.0","520.2702702702703","72","0.048103322618166924","0.16520965","0.16088319","0.10811591","-0.20070332",,
"MEYDAN ONE","3 B/R","Flat","1487160.0","105.01","14162.079",,,,"32",,"0.02756393","0.32979858","-0.008854985","0.030537486","0.060953856",
"AL BARARI","4 B/R","Flat",,,,,,,,,,,,,,
"Madinat Al Mataar","3 B/R","Villa","1491819.0","188.76","7903.2583",,,,"375",,,,,,,
"ARJAN","1 B/R","Flat","670000.0","52.36","12796.027","45000.0","77.0","584.4155844155844","904","0.04567164235554968","0.39493418","0.36997235","0.24213135","0.18685818","0.07379997","0.086737275"
"Wadi Al Safa 3","1 B/R","Flat","699999.06","78.58","8908.107","34000.0","78.99","430.4342321812888","48","0.04831938051446285","0.1074394","0.18226981","0.04758084","0.16728795","0.28704333","-0.100958526"
"Rega Al Buteen","2 B/R","Flat","1000000.0","142.05","7039.7744","70000.0","132.0","530.3030303030303","3","0.07532954880538621","0.020715237",,,"-0.20581281","-0.307234","-0.37651062"
"BUSINESS BAY","4 B/R","Flat","8794454.0","444.21","19797.965","113600.0","203.0","559.6059113300493","59","0.02826583013691484","0.61877084","0.35017276","1.3220897","1.2158613","0.43161857","0.935204"
"THE GREENS","3 B/R","Flat","2250000.0","176.75","12729.845","130000.0","155.0","838.7096774193549","49","0.06588530303667228","0.31064796","0.5061461","0.25431406","0.31064796","-0.014467537","0.06002164"
"Um Suqaim Third","4 B/R","Flat","8859000.0","255.17","34718.03",,,,"10",,,,,,,
"LA MER","4 B/R","Villa","9057160.0","448.58","20190.736",,,,"7",,"0.20764351","0.32421362","0.4208076",,,
"Mirdif","1 B/R","Flat","1081163.0","86.01","12570.201","45000.0","90.16","499.11268855368235","53","0.039706022340391355","0.25448322","0.033668995","0.19143641","0.60837626","0.026773572","0.085991144"
"DUBAI STUDIO CITY","Studio","Flat","416087.0","32.52","12794.803","28750.0","43.0","668.6046511627907","14","0.05225595619121912","0.040579796","0.06852996","0.15126574","0.07486594","0.11794269","0.09772384"
"Mirdif","4 B/R","Flat","3249221.0","281.93","11524.921","115000.0","295.64","388.9866053308078","8","0.03375178092402742","-0.054845333",,,,,
"DUBAI CREEK HARBOUR","1 B/R","Flat","1239888.0","66.1","18757.762","65000.0","71.26","912.1526803255683","969","0.048628012979490674","0.14098358","0.13412583","0.20505369","0.14014614","0.18996513","0.22601712"
"JUMEIRAH BEACH RESIDENCE","Studio","Flat","1050000.0","66.33","15829.94","57600.0","66.47","866.5563412065594","18","0.054741604686105956","0.21387279","0.67999995","0.19318175","0.049999952","-0.04545462","-0.041095912"
"JUMEIRAH VILLAGE CIRCLE","5 B/R","Villa",,,,,,,,,,,,,,
"JUMEIRAH VILLAGE TRIANGLE","Studio","Flat","300000.0","43.98","6821.2827","25000.0","41.0","609.7560975609756","81","0.08939023979083717","-0.3247922","-0.33343583","-0.36843818","-0.4214188","-0.4152698","-0.33246017"
"DUBAI PRODUCTION CITY","2 B/R","Flat","911506.0","105.39","8648.885","47000.0","116.59","403.1220516339309","115","0.046609714727168045","-0.13728583","0.41590607","0.027691007","0.04437828","0.10325551","-0.024291754"
"DUBAI WATER CANAL","2 B/R","Flat","3232800.0","140.43","23020.723",,,,"542",,"-0.55727345",,,,,
"DUBAI CREEK HARBOUR","3 B/R","Flat","3246994.0","153.39","21168.225","145000.0","160.0","906.25","683","0.04281180952693781","0.04081881","0.19785583","0.13587701","0.02002728","0.10018039","0.12854266"
"Wadi Al Safa 3","2 B/R","Flat","725000.0","131.22","5525.0723","52000.0","134.0","388.05970149253733","48","0.07023613137277938","-0.04478526",,"-0.13058704","-0.34187758","-0.2817781","-0.35946405"
"DUBAI WATER FRONT","2 B/R","Flat",,,,,,,,,,,,,,
"JUMEIRAH LAKES TOWERS","4 B/R","Flat","2200000.0","385.36","5708.9478","100000.0","165.0","606.060606060606","8","0.1061597744778658","-0.6436521","-0.5875701","-0.16594762","-0.37653613","-0.4851122","-0.2252394"
"DUBAI HEALTHCARE CITY - PHASE 2","3 B/R","Flat","1370000.0","178.61","7670.3433","90000.0","138.77","648.5551632197161","61","0.08455360354686259","-0.04399872","0.14069045",,,,
"DUBAI SPORTS CITY","1 B/R","Flat","426500.0","76.57","5570.0664","37000.0","77.0","480.5194805194805","258","0.08626817805624443","-0.058636844","0.090930104","-0.214208","-0.37640572","-0.43681288","-0.40837938"
"PEARL JUMEIRA","1 B/R","Flat",,,,,,,,,,,,,,
"DUBAI MARITIME CITY","3 B/R","Flat","3934899.8","179.63","21905.582",,,,"3",,,,,,,"-0.07495588"
"Wadi Al Safa 7","Studio","Flat","298794.0","38.93","7675.1606",,,,"83",,"0.04972136",,"-0.26021916",,,
"Wadi Al Safa 7","1 B/R","Villa","547200.0","54.05","10123.959",,,,"185",,,,,,,
"DUBAI SCIENCE PARK","3 B/R","Flat",,,,,,,,,,,,,,
"DUBAI PRODUCTION CITY","Studio","Flat","240000.0","40.19","5971.635","22000.0","46.0","478.2608695652174","250","0.08008876770533067","-0.01296705","0.063470244","-0.09471834","-0.43244654","-0.41708213","-0.4958042"
"BLUEWATERS","3 B/R","Flat","7150000.0","194.84","36696.777","400000.0","195.0","2051.2820512820513","45","0.05589815236545328","0.48545778","0.60059714","0.5154439","0.50268507","0.45455515",
"ARABIAN RANCHES III","3 B/R","Villa","1650000.0","131.0","12595.42",,,,"145",,"-0.07335931","0.24131155","0.24217916",,,
"DUBAI INVESTMENT PARK FIRST","4 B/R","Villa","1224549.0","136.73","8955.965","210000.0","870.0","241.3793103448276","162","0.02695179297329157","1.2491708","2.1001418","1.5858979","1.6121564","1.1294527","1.1357024"
"DISCOVERY GARDENS","Studio","Flat","300000.0","45.84","6544.5024","32000.0","49.0","653.0612244897959","144","0.09978775779163272","0.034482718","0.052631617","-0.07692313","-0.25742579","-0.39393944","-0.3864529"
"DUBAI SOUTH","3 B/R","Flat","908480.0","146.83","6187.2915","60000.0","147.86","405.7892601109157","19","0.06558431259537828","0.18377924",,,"0.14488459","-0.17859048",
"GRAND VIEWS","4 B/R","Villa","3850000.0","218.03","17658.121","225000.0","219.0","1027.3972602739725","75","0.058182705556233526","0.0999496","0.6979939","0.41794717","0.25926626","-0.048049748","-0.048049748"
"Jabal Ali First","1 B/R","Flat","580000.0","48.61","11931.701",,,,"3",,,,"0.18302584",,,
"DUBAI PRODUCTION CITY","3 B/R","Flat","1290000.0","155.45","8298.488","65000.0","126.46","513.9965206389372","7","0.06193857281214525","-0.12662369","0.35693383","0.39890385","-0.063536644","-0.1575756","0.08451569"
"JUMEIRAH LIVING","1 B/R","Flat","1734000.0","71.94","24103.418","95000.0","73.0","1301.3698630136987","93","0.053991092246789246","0.3102095","0.3714013","0.3744818",,,
"DUBAI HARBOUR","1 B/R","Flat","2065888.0","73.69","28034.848","125000.0","74.0","1689.1891891891892","503","0.06025319666085671","0.11435044","0.30582845","0.35629058","0.32060945",,
"DUBAI SOUTH","1 B/R","Flat","455485.0","60.95","7473.093","29000.0","59.69","485.84352487853914","65","0.06501237701817786","0.15541661","-0.08345628","0.029999137","-0.105110824","-0.15613735","-0.18619311"
"MBR DISTRICT 7","1 B/R","Flat","1127000.0","74.5","15127.517",,,,"98",,"0.3104651","0.19044006","0.25909328",,,
"Marsa Dubai","3 B/R","Flat","1.21E7","299.03","40464.168","170000.0","203.0","837.4384236453202","28","0.020695802377354307","1.8163061","2.2711234","2.499436",,"1.6191599",
"DUBAI SPORTS CITY","2 B/R","Flat","650000.0","113.85","5709.2666","54000.0","119.69","451.16551090316653","141","0.07902337417203333","0.100590944","0.05287659","-0.17588937","-0.278539","-0.31952494","-0.34060746"
"REMRAAM","2 B/R","Flat","1062000.0","113.15","9385.7705","54000.0","95.7","564.2633228840125","168","0.0601190197879154","0.516773","0.5299623","0.31198752","-0.05405557","-0.022524059","0.028740287"
"BLUEWATERS","1 B/R","Flat","3200000.0","105.67","30282.957","210000.0","106.0","1981.132075471698","26","0.06542069433402099","0.27330923","0.45027292","0.34668744","0.35293376","0.2668965",
"DUBAI CREEK HARBOUR","2 B/R","Flat","1989012.0","102.88","19333.32","92000.0","111.0","828.8288288288288","1034","0.04287048553646255","0.05398369","0.14558983","0.087831736","0.19422138","0.19354331","0.27712584"
"DUBAI LAND RESIDENCE COMPLEX","Studio","Flat","299000.0","39.75","7522.0127","22000.0","41.32","532.4298160696999","238","0.07078289250980588","0.06613886","-0.20606816","0.10143757","-0.2031092","-0.21923411","-0.19777733"
"DUBAI INDUSTRIAL CITY","2 B/R","Villa",,,,,,,,,,,,,,
"DUBAI SOUTH","2 B/R","Flat","746720.0","115.25","6479.1323","42000.0","107.51","390.6613338294112","122","0.06029531645296609","-0.029784441","-0.05575174","-0.14392322","-0.2150771","-0.14819384","-0.25607562"
"LIVING LEGENDS","1 B/R","Flat","490000.0","79.07","6197.0405","65000.0","79.0","822.7848101265823","4","0.13277060340272687","-0.4125206","0.27924192","-0.5311005","-0.06610602","-0.28899705","-0.20712483"
"Muhaisanah First","2 B/R","Flat","1638840.0","132.24","12392.922","85000.0","132.0","643.939393939394","162","0.05196025605861362","0.042281747","0.98359704",,,,
"DUBAI INVESTMENT PARK SECOND","Studio","Flat","230000.0","41.8","5502.3926","24000.0","41.68","575.8157389635317","8","0.10464824724660907","0.044976115","0.15314424","-0.30336374","-0.36624724","-0.4638366","-0.39232117"
"TECOM SITE A","1 B/R","Flat","2101000.0","83.75","25086.566","137000.0","101.0","1356.4356435643565","60","0.054070199229274266","0.04754603",,,,,
"LIWAN","1 B/R","Flat","320000.0","65.48","4886.9883","30000.0","69.57","431.22035360069","81","0.08823846688054507","-0.13527453","-0.2690152","0.12020087","-0.29109347","-0.2492199","-0.29972333"
"LA MER","1 B/R","Flat","1730000.0","74.16","23327.938","101183.43","74.51","1357.9845658300897","165","0.05821280024563207","0.17411506","0.2226497","0.21165049",,,
"MINA RASHID","1 B/R","Flat","1150888.0","65.91","17461.508",,,,"22",,,,"0.16198719",,,
"DUBAI SCIENCE PARK","Studio","Flat","512184.88","38.73","13224.5","28500.0","39.0","730.7692307692307","22","0.05525874178753304","0.0","0.034534693","0.05156815","0.20537722","0.08645785","0.20189166"
"MAJAN","1 B/R","Flat","565000.0","80.72","6999.5044","42000.0","82.0","512.1951219512196","8","0.0731759126190992","0.036054015","0.706246",,"0.0014072657","-0.1815688","-0.18716365"
"CHERRYWOODS","4 B/R","Villa","2500000.0","252.0","9920.635",,,,"8",,"0.37814772","0.25187778","0.30886936",,,
"LIWAN","2 B/R","Flat","517500.0","103.76","4987.471","42500.0","108.0","393.51851851851853","51","0.07890141184105035","0.103208065","0.0894748","-0.167876","-0.2079851","-0.25606322","-0.2968384"
"MBR DISTRICT 7","2 B/R","Flat","1520920.0","117.81","12909.94",,,,"7",,,,,,,
"MAJAN","Studio","Flat",,,,,,,,,,,,,,
"Al Yufrah 1","3 B/R","Villa","1554888.0","174.0","8936.138",,,,"437",,,,,,,
"SOBHA HEARTLAND","4 B/R","Flat","5105745.0","249.77","20441.785",,,,"10",,"0.13990796",,,"0.40233147",,
"Al Kifaf","4 B/R","Flat",,,,,,,,,,,,,,
"Jumeirah First","1 B/R","Flat","2003000.0","74.26","26972.797",,,,"55",,,,,,,
"Marsa Dubai","5 B/R","Flat","3.5E7","883.17","39629.97",,,,"3",,"0.682166",,,,,
"Wadi Al Safa 7","4 B/R","Villa","1683000.0","194.29","8662.31",,,,"5",,,,,,,
"Muhaisanah First","3 B/R","Flat","2376800.0","198.39","11980.442","135000.0","200.0","675.0","47","0.056341825988694305","0.01799345","0.88842416",,,,
"Me'Aisem First","3 B/R","Villa","3300000.0","180.0","18333.334","215000.0","178.0","1207.8651685393259","3","0.0658835523079848","0.24003184","0.3212124","0.41688","0.31253362","0.23584223",
"Wadi Al Safa 3","Studio","Flat","412965.0","45.05","9166.814","23000.0","48.0","479.1666666666667","15","0.05227188453708879","-0.049873054",,"0.31018662","-0.009150684","0.19214272","0.12551033"
"Trade Center Second","4 B/R","Flat",,,,,,,,,,,,,,
"DUBAI STUDIO CITY","2 B/R","Flat","745000.0","107.99","6898.787","60000.0","109.0","550.4587155963303","7","0.07979065114914083","-0.19291055","-0.3862751","-0.28909558","-0.3225348","-0.33599174","-0.34459096"
"CITY WALK","2 B/R","Flat","2643000.0","119.24","22165.38","165000.0","165.04","999.7576345128455","188","0.04510446451859595","0.3349806","0.6279465","0.33802176","0.1282425","0.224702","0.39670157"
"Muhaisanah First","1 B/R","Flat","1070800.0","84.05","12740.035","52000.0","84.0","619.047619047619","142","0.04859073083043471","0.026872754","0.13357401",,,,
"DUBAI INDUSTRIAL CITY","1 B/R","Villa",,,,,,,,,,,,,,
"LIVING LEGENDS","4 B/R","Flat","1751000.0","371.61","4711.929",,,,"4",,,,,"-0.4459865","-0.36251885",
"Marsa Dubai","2 B/R","Flat","7000000.0","148.51","47134.875","200000.0","133.0","1503.7593984962407","51","0.031903328448335565","1.3582027","2.280159","0.9665662",,,
"INTERNATIONAL CITY PH 2 & 3","2 B/R","Flat","530000.0","118.57","4469.9336","36000.0","85.0","423.52941176470586","10","0.09475071673478502","-0.36325794","-0.49752688","-0.29631412","-0.27229476","-0.4390567","-0.41223812"
"JUMEIRA BAY","3 B/R","Flat","2.8E7","294.37","95118.39","825000.0","244.36","3376.16631199869","9","0.035494359080454535","0.75","1.1932967","1.2419548","1.2812433","1.5411198",
"THE VALLEY","4 B/R","Villa","1686888.0","257.52","6550.5127",,,,"32",,"-0.027667522","0.08423841",,,,
"JADDAF WATERFRONT","1 B/R","Flat","620158.0","42.72","14516.807","64000.0","96.0","666.6666666666666","62","0.04592378221812316","0.5810871","0.35409546","0.27220023","0.10011721","-0.04345852","-0.006799042"
"PALM JUMEIRAH","3 B/R","Flat","6526800.0","238.39","27378.666","140000.0","199.72","700.9813739234929","361","0.025603196792840198","0.70692956","1.58466","1.1281011","0.87066936","0.80082774","0.76736414"
"DUBAI SOUTH","2 B/R","Villa","998775.06","131.04","7621.91",,,,"29",,"-0.07321417",,,,,
"DUBAI INVESTMENT PARK FIRST","4 B/R","Flat",,,,,,,,,,,,,,
"LA MER","5 B/R","Flat","2.12E7","865.64","24490.55",,,,"3",,,,,,,
"Zaabeel Second","4 B/R","Flat","6850000.0","277.28","24704.27",,,,"4",,"-0.01080507",,"-0.01289016",,,"-0.009754837"
"PALM JUMEIRAH","1 B/R","Flat","2500000.0","106.23","23533.842","93500.0","106.16","880.7460437076112","237","0.037424660678417716","0.2812065","0.6773354","0.7996447","0.25129426","0.20085657","0.26612067"
"Me'Aisem First","4 B/R","Villa","4950000.0","261.96","18896.016","300000.0","178.0","1685.3932584269662","7","0.08919304957586614","0.24871564","0.36277628","0.44757986","0.3726015","-0.03667748",
"MOTOR CITY","3 B/R","Villa","4050000.0","400.0","10125.0","180000.0","400.0","450.0","11","0.044444444444444446","0.06968963","-0.35357904","0.35000002","0.092815876","0.1095891","0.06405759"
"Marsa Dubai","Studio","Flat","2850000.0","53.54","53231.227","100000.0","57.0","1754.3859649122808","39","0.032957834680972756","0.115884185",,"1.2771356",,"0.9646164",
"DUBAI SCIENCE PARK","2 B/R","Flat","1050000.0","106.31","9876.775","136500.0","138.27","987.1989585593403","15","0.09995154486315301","-0.15144902","-0.14875376","-0.13651079","-0.23684573","-0.17760277","-0.10454726"
"THE GREENS","Studio","Flat","535000.0","40.72","13138.507","42000.0","41.0","1024.3902439024391","16","0.07796854366284946","-0.077586174","0.24212992","0.071903944","-0.21242976","-0.29726273","-0.24777418"
"AL FURJAN","1 B/R","Flat","769000.0","72.64","10586.454","46000.0","75.0","613.3333333333334","437","0.05793567208143933","0.21138763","0.11796546","0.11699939","0.0054084063","-0.033573568","-0.078448355"
"BARSHA HEIGHTS","3 B/R","Flat","1335000.0","268.52","4971.697","110000.0","203.0","541.871921182266","4","0.10899134550031311",,,,"-0.50341207","-0.44375002",
"JUMEIRAH VILLAGE CIRCLE","1 B/R","Flat","706644.94","72.76","9711.997","44000.0","77.0","571.4285714285714","1871","0.0588373912483259","0.11854887","0.07777047","0.13802445","0.04379952","0.039562106","0.13851178"
"DUBAI INDUSTRIAL CITY","3 B/R","Villa","594000.0","120.92","4912.339","45650.13","136.95","333.334282584885","3","0.0678565326206275",,"-0.015403509","-0.1030069","-0.15919185","-0.21398956","-0.25245112"
"DUBAI HARBOUR","2 B/R","Flat","3670888.0","118.62","30946.62","220000.0","118.24","1860.6224627875508","579","0.06012361008912373","0.090744734","0.22530103","0.36689413","0.56830025",,
"Al Wasl","1 B/R","Flat","1323000.0","62.81","21063.525",,,,"78",,,,,,,
"Wadi Al Safa 5","3 B/R","Villa","1938888.0","127.58","15197.429",,,,"232",,"0.7991073",,,,,
"DUBAI CREEK HARBOUR","6 B/R","Flat",,,,,,,,,,,,,,
"JUMEIRAH VILLAGE CIRCLE","3 B/R","Flat","1195760.0","140.29","8523.487","89518.72","191.0","468.68439790575917","113","0.05498739907173977","0.029096842","0.61152995","0.2877077","0.22364855","-0.0036354065","-0.01017803"
"JUMEIRAH VILLAGE CIRCLE","2 B/R","Villa",,,,,,,,,,,,,,
"Wadi Al Safa 5","5 B/R","Villa","3911888.0","420.0","9314.02",,,,"51",,"-0.26659304",,,,,
"DUBAI LAND RESIDENCE COMPLEX","3 B/R","Flat","957219.06","148.9","6428.604","79595.75","141.11","564.0688115654453","18","0.0877435927337719","0.32863748",,,,,"-0.21289432"
"Al Kifaf","3 B/R","Flat","3240777.0","200.24","16184.463","150000.0","200.0","750.0","28","0.04634074081225423","0.024559498","-0.030586243","0.023489118","0.057841778",,
"MOTOR CITY","4 B/R","Villa","5640000.0","924.8","6098.616","194250.0","376.27","516.2516278204481","7","0.08465061744573826","-0.35499984","-0.6035545","0.31964123","0.16482353","-0.22893786",
"MBR DISTRICT 1","3 B/R","Flat","4547800.0","222.75","20416.611",,,,"43",,"0.06962073","0.094596624","0.26487315","0.1573366",,
"SILICON OASIS","2 B/R","Flat","770000.0","121.07","6359.957","55000.0","102.19","538.2131324004306","111","0.08462527808849818","0.08137214","0.067516446","-0.054092705","-0.17797554","-0.23687392","-0.23314184"
"THE FIELD","3 B/R","Villa",,,,,,,,,,,,,,
"Me'Aisem First","5 B/R","Villa",,,,,,,,,,,,,,
"SERENA","4 B/R","Villa","2400000.0","276.4","8683.068","145000.0","287.0","505.22648083623693","3","0.05818524741783822",,,"0.3509667",,"0.15760589",
"MBR DISTRICT 1","5 B/R","Flat","1.33008E7","547.33","24301.244",,,,"4",,,,,,,
"MOTOR CITY","Studio","Flat","420000.0","66.33","6331.976","35000.0","61.57","568.4586649342212","6","0.08977587063993425","0.03470981",,"-0.37215292","-0.27072293","-0.33333337","-0.51721144"
"JUMEIRAH VILLAGE TRIANGLE","1 B/R","Flat","809120.0","76.31","10603.066","40000.0","74.0","540.5405405405405","133","0.05097964304193339","0.30339742","0.872512","0.23002827","0.101702094","0.014312863","0.054949522"
"JUMEIRAH VILLAGE TRIANGLE","3 B/R","Flat","1810000.0","183.1","9885.309","125000.0","235.0","531.9148936170212","34","0.05380862808403626",,,"0.9336045",,,"0.24565351"
"BARSHA HEIGHTS","1 B/R","Flat","600000.0","68.13","8806.693","50000.0","78.97","633.1518298087882","26","0.07189438804915108","-0.4126917","0.04347825","-0.2885083","-0.26903278","-0.21735913","-0.5896611"
"JUMEIRAH BEACH RESIDENCE","1 B/R","Flat","1600000.0","85.51","18711.262","78750.0","108.0","729.1666666666666","134","0.03896940129569084","0.10674846","0.14559567","0.83031774","0.5478531","0.0841645","0.3132633"
"DUBAI LAND RESIDENCE COMPLEX","1 B/R","Flat","500000.0","73.74","6780.5806","30000.0","78.0","384.61538461538464","188","0.05672307567893603","-0.08392513","-0.03667742","0.2345388","0.067038536","-0.08473855","-0.074607015"
"DUBAI WATER FRONT","1 B/R","Flat","349628.0","66.08","5290.9805","29000.0","66.0","439.3939393939394","3","0.0830458441472468","0.11295366",,"-0.12936914","-0.24492705","-0.20977461","-0.2100823"
"MOTOR CITY","5 B/R","Villa",,,,,,,,,,,,,,
"DUBAI WATER FRONT","3 B/R","Flat",,,,,,,,,,,,,,
"AL KHAIL HEIGHTS","Studio","Flat","365000.0","59.86","6097.561","30000.0","56.0","535.7142857142857","24","0.08785714199916295","0.04285717","0.3318162","0.41121137","-0.14817071","-0.27084523","-0.28606796"
"DUBAI INVESTMENT PARK FIRST","3 B/R","Flat","2100000.0","320.56","6551.0356","125000.0","314.02","398.0638175912363","12","0.06076349438329444","0.23425305","0.0063257217","0.39517462","-0.122341216","-0.25378007","-0.087070465"
"JUMEIRAH LAKES TOWERS","2 B/R","Flat","1430000.0","124.23","11510.907","75000.0","116.0","646.551724137931","358","0.056168615680087505","0.3004042","0.44116557","0.3851459","0.14519715","0.040421605","0.075202346"
"JUMEIRAH HEIGHTS","3 B/R","Flat","2700000.0","268.3","10063.362","150000.0","251.43","596.5875193890944","10","0.05928312042499004","0.16041315","0.5401088","0.35000002","-0.09505212","-0.061274648","-0.08689946"
"DUBAI INVESTMENT PARK SECOND","2 B/R","Flat","610000.0","143.26","4257.9927","55000.0","143.0","384.61538461538464","9","0.09032786430164913","0.021775126","0.025210023","-0.16761708","-0.26311082","-0.45139349","-0.47949874"
"AL FURJAN","3 B/R","Flat","1725000.0","164.91","10460.251","94500.0","173.0","546.2427745664739","64","0.05222080959533372","0.36275363","0.61555827","0.38879955","0.26569033","0.082503915","0.12008631"
"Wadi Al Safa 3","5 B/R","Villa","6361040.0","442.0","14391.493",,,,"71",,,,,,,
"Al Barsha First","2 B/R","Flat",,,,,,,,,,,,,,
"PALM JUMEIRAH","5 B/R","Flat","4.8E7","1243.28","38607.555","241004.58","906.0","266.0094701986755","19","0.006890088542302878","0.97172046","1.3126566","0.2953136","0.30846667","0.4695065","0.28305042"
"Jabal Ali First","3 B/R","Flat","920999.06","92.73","9932.051","83000.0","94.0","882.9787234042553","4","0.08890195417356977","-0.006452799","0.006634474","0.04661739",,,
"Al Qusais Industrial Fourth","2 B/R","Flat",,,,,,,,,,,,,,
"PEARL JUMEIRA","3 B/R","Flat","8100000.0","227.21","35649.84",,,,"6",,"0.57584286",,"0.65150356","0.5460726","0.5298507",
"AL KHAIL HEIGHTS","5 B/R","Villa","2200000.0","505.17","4354.9697","145000.0","429.55","337.5625654754976","3","0.07751203490958483",,,,"0.7001271","-0.375207","-0.45345414"
"INTERNATIONAL CITY PH 2 & 3","1 B/R","Flat","450000.0","69.4","6484.15","32000.0","72.0","444.44444444444446","39","0.06854320938567388","0.6974479","-0.039545298","-0.044236243","-0.10014409","-0.21263891","-0.19227618"
"Hadaeq Sheikh Mohammed Bin Rashid","3 B/R","Flat","2969888.0","165.06","17992.78",,,,"9",,,,,,,
"TECOM SITE A","5 B/R","Flat","2.6291998E7","581.16","45240.55",,,,"4",,,,,,,
"MINA RASHID","3 B/R","Flat","3482888.0","152.92","22775.883",,,,"37",,,,,,,
"DAMAC HILLS","2 B/R","Flat","1375000.0","138.55","9924.215","85000.0","138.0","615.9420289855072","122","0.062064560137310085","-0.07806134","0.041630507","-0.09021622","-0.20362109","-0.16190559","-0.2721985"
"Warsan First","Studio","Flat",,,,,,,,,,,,,,
"Dubai Investment Park First","4 B/R","Villa","1065000.0","79.7","13362.61",,,,"64",,,,,,,
"Jumeirah Second","3 B/R","Flat","1.7589762E7","276.52","63611.176",,,,"11",,,,,,,
"BLUEWATERS","2 B/R","Flat","5100000.0","148.18","34417.6","300000.0","149.0","2013.4228187919464","48","0.058499800316873005","0.46400142","0.48939717","0.50100625","0.44791126","0.37190723",
"Hadaeq Sheikh Mohammed Bin Rashid","2 B/R","Flat","1810888.0","99.65","18172.484",,,,"22",,,,,,,
"AKOYA OXYGEN","2 B/R","Flat","978000.0","102.74","9519.175","38000.0","103.0","368.93203883495147","4","0.03875672486372236",,,"0.2902925",,,"-0.27742666"
"LIWAN","3 B/R","Flat","790000.0","161.46","4892.8525","60000.0","162.2","369.9136868064119","10","0.07560286843986709","0.048440456","0.009694576","-0.04880613","-0.22996283","-0.2863891","-0.30923408"
"AL KHAIL HEIGHTS","2 B/R","Flat","900000.0","154.57","5822.6045","60000.0","140.71","426.4089261601876","9","0.07323336605333976","0.10210264","0.04706621","0.674819","0.4283496","-0.20230323","-0.28295028"
"EMIRATE LIVING","2 B/R","Villa","1825000.0","207.89","8778.681","97000.0","186.0","521.505376344086","133","0.05940589438216899","0.13941789","0.4645648","0.3461293","0.320871","0.03844261","0.033141017"
"BURJ KHALIFA","Studio","Flat","972900.0","48.64","20002.057","52800.0","50.0","1056.0","238","0.05279457102702232","0.14891315","0.24112558","0.2384721","-0.05575192","-0.061298847","-0.14937598"
"DUBAI LAND RESIDENCE COMPLEX","2 B/R","Flat","560000.0","117.82","4753.013","42000.0","117.0","358.97435897435895","104","0.07552563923311878","-0.27237988","-0.28759485","-0.14277577","-0.18087411","-0.29999995","-0.23225993"
"Jumeirah First","2 B/R","Flat","3058000.0","118.34","25840.799",,,,"65",,,,,,,
"Al Thanyah Third","3 B/R","Villa",,,,,,,,,,,,,,
"JUMEIRAH LIVING","3 B/R","Flat","5160712.0","182.86","28222.203","300000.0","180.0","1666.6666666666667","19","0.059055158071280686","0.4726485","0.47053814","0.5465734",,,
"SILICON OASIS","4 B/R","Flat",,,,,,,,,,,,,,
"JADDAF WATERFRONT","3 B/R","Flat","1760000.0","198.62","8861.143","131250.0","191.0","687.17277486911","22","0.07754900328152878","-0.034210443","-0.06127441","-0.2515416","-0.42929608","-0.39982796","-0.39159197"
"DUBAI INDUSTRIAL CITY","1 B/R","Flat",,,,,,,,,,,,,,
"DUBAI HEALTHCARE CITY - PHASE 2","Studio","Flat","544050.0","33.83","16081.879","38000.0","41.0","926.829268292683","165","0.057631901949745656","0.03422749","0.16516519","-0.078089416","-0.069144666","-0.0733456",
"DAMAC HILLS","1 B/R","Flat","778000.0","58.97","13193.148","49500.0","75.0","660.0","239","0.05002596636630164","0.22825158","0.32498574","0.18787074","-0.119510174","-0.12627733","-0.060408354"
"DUBAI MARINA","4 B/R","Flat","5100000.0","338.15","15082.064","165000.0","258.0","639.5348837209302","74","0.04240366998222307","0.24605262","0.62886286","-0.051374674","0.21001244","-0.026961386","0.012143254"
"BURJ KHALIFA","5 B/R","Flat","1.810343E7","551.69","32814.496","175000.0","318.0","550.3144654088051","19","0.01677046826611549","-0.14464307",,"0.22031128",,"0.39509833","-0.24175423"
"DUBAI INDUSTRIAL CITY","2 B/R","Flat",,,,,,,,,,,,,,
"DAMAC HILLS","3 B/R","Flat","2099160.0","262.35","8001.372","125000.0","217.0","576.036866359447","47","0.07199226098942671","-0.080384314","-0.065053046","-0.044847846","-0.33437806","-0.31594443","-0.45183325"
"TOWN SQUARE","4 B/R","Villa","2120000.0","278.06","7624.254","110250.0","273.0","403.84615384615387","38","0.05296861290454926","0.20097435","0.395586","0.31024206","0.24644864","0.28859782","0.23280537"
"AL KHAIL HEIGHTS","1 B/R","Flat","600000.0","100.56","5966.5874","42000.0","101.0","415.84158415841586","21","0.06969504611548438","0.10824227","0.26144826","0.37776375","-0.25854003","-0.25648838","-0.26227278"
"MOTOR CITY","3 B/R","Flat","1665000.0","306.85","5426.104","100800.0","188.0","536.1702127659574","60","0.09881311017628279","-0.31248444","-0.22258264","-0.22906685","-0.13086581","-0.39819342","-0.44884694"
"JUMEIRAH LIVING","2 B/R","Flat","3065000.0","134.49","22789.797","185000.0","137.0","1350.3649635036497","63","0.059253049551528734","0.26140273","0.2998277","0.31507075",,,
"MBR DISTRICT 1","1 B/R","Flat","1350825.0","72.62","18601.28","85000.0","72.6","1170.7988980716254","298","0.06294184821300537","0.015220404","0.03145969","0.06822801","0.10399675",,
"Hadaeq Sheikh Mohammed Bin Rashid","1 B/R","Flat","1245888.0","62.8","19838.98",,,,"43",,,,,,,
"DUBAI GOLF CITY","3 B/R","Villa","2850000.0","265.33","10741.342",,,,"34",,,,,,,
"Marsa Dubai","1 B/R","Flat","3965532.2","91.16","43500.79","125000.0","87.0","1436.7816091954023","98","0.03302886315765671","1.0637794","1.0770483","1.4197657",,"0.67340374",
"Jumeirah First","3 B/R","Flat","7067000.5","209.12","33793.996",,,,"33",,,,,,,
"Madinat Al Mataar","5 B/R","Villa","3000000.0","373.41","8034.0645",,,,"103",,,,,,,
"Al Hebiah Sixth","3 B/R","Villa","2017000.0","168.44","11974.59",,,,"133",,,,,,,
"Wadi Al Safa 7","2 B/R","Villa","792000.0","101.4","7810.651",,,,"114",,,,,,,
"TOWN SQUARE","3 B/R","Villa","1675000.0","189.81","8824.614","94500.0","189.23","499.39227395233314","107","0.05659083324919469","0.15584195","0.41291463","0.29728615","0.20203257","0.24978256","0.21944213"
"Wadi Al Safa 7","1 B/R","Flat","445333.0","50.11","8887.108",,,,"85",,"0.068418145",,"-0.043875575","-0.015573621","-0.093898535",
"DUBAI HILLS","2 B/R","Flat","1584888.0","91.9","17245.79","89000.0","97.0","917.5257731958762","755","0.053202887375619394","0.011737347","0.20367587","0.11301911","0.22098994","0.31314123","0.23692346"
"AL FURJAN","3 B/R","Villa","2250000.0","203.98","11030.493","110000.0","182.0","604.3956043956044","32","0.05479316250018029","0.25513768","0.21890295","0.32870162","-0.2321046",,
"DUBAI WATER FRONT","Studio","Flat","300000.0","46.99","6384.337","22800.0","48.0","475.0","3","0.07440083541859112",,"0.32100248",,,,"-0.27552974"
"SILICON OASIS","Studio","Flat","290000.0","42.65","6799.531","26450.0","41.74","633.6847149017728","152","0.09319535966649459","-0.06847352","-0.13665384","-0.124135435","-0.20602065","-0.34170473","-0.3048473"
"Marsa Dubai","4 B/R","Flat","1.6317E7","473.86","34434.223",,,,"10",,"0.34778702","0.45983315",,,,
"DUBAI HILLS","4 B/R","Villa","3450000.0","285.82","12070.533","154000.0","282.0","546.0992907801418","125","0.045242350241724155","0.18713582","0.4665954","0.19567311","0.22664142","0.26439273","0.28624678"
"VILLANOVA","2 B/R","Villa","1344000.0","158.8","8463.476","82000.0","161.0","509.3167701863354","63","0.06017820516107962","0.14531982","0.15360391","0.14176011","0.12706327","-0.04096836",
"DOWN TOWN JABAL ALI","2 B/R","Flat","832976.94","95.03","8765.41","47000.0","110.69","424.6092691300027","4","0.048441460417826945","-0.16202676","-0.047750115",,"-0.1990599","-0.21762621","-0.09638947"
"MIRA","3 B/R","Villa","1925000.0","243.18","7915.9473","105000.0","243.0","432.0987654320988","125","0.05458585699635565","0.17467403","0.37432158","0.2833333","0.047366858","0.017286658","0.13835073"
"Trade Center Second","1 B/R","Flat",,,,,,,,,,,,,,
"Al Kheeran","4 B/R","Villa",,,,,,,,,,,,,,
"BURJ KHALIFA","4 B/R","Flat","1.7033274E7","484.2","35178.176","190000.0","313.0","607.0287539936103","72","0.017255833780816944","-0.009693444","-0.054104984","0.04946077","0.020081162","-0.062402666","-0.03985405"
"DUBAI INVESTMENT PARK FIRST","1 B/R","Flat","650000.0","90.72","7164.903","52000.0","92.0","565.2173913043479","23","0.07888695835168902","0.13778651","0.3037138","0.09051025","0.0071965456","0.0377419","-0.07606077"
"EMAAR SOUTH","3 B/R","Flat","1530132.0","227.01","6740.373","65000.0","217.0","299.53917050691246","37","0.04443955377896867","0.002852559","0.11593294","0.11002898","0.15893304","0.2141316","0.25877523"
"Al Yufrah 2","Studio","Flat",,,,,,,,,,,,,,
"SOBHA HEARTLAND","4 B/R","Villa",,,,,,,,,,,,,,
"DUBAI MARINA","5 B/R","Flat","6750400.5","529.68","12744.3","120000.0","185.71","646.1687577405633","8","0.05070257037604333","0.2316333","0.7392398","0.21352923",,"-0.37244427","-0.049650073"
"Wadi Al Safa 3","4 B/R","Flat",,,,,,,,,,,,,,
"Al Kheeran","3 B/R","Flat","3200000.0","232.26","13777.663","152250.0","233.0","653.4334763948498","20","0.04742701808856048","0.37729728","0.33347487","0.37994468","0.1840316","0.1341089","0.008524895"
"Al Kheeran","2 B/R","Flat","1850000.0","160.06","11558.166","114000.0","171.97","662.9063208699192","7","0.0573539365997827","-0.023912847","0.2670319","-0.0050271153","-0.04479599","-0.085469484","-0.25526154"
"JUMEIRAH LAKES TOWERS","Studio","Flat","450000.0","39.02","11532.547","41000.0","45.0","911.1111111111111","170","0.0790034604659789","0.07211006","0.14054263","0.12345505","-0.21281064","-0.28226852","-0.21452546"
"MEYDAN ONE","2 B/R","Flat","1274250.0","85.45","14912.2295",,,,"56",,"-0.11039221","-0.01606214","-0.0015588403","-0.028189242","-0.024163663",
"Al Barsha First","Studio","Flat",,,,,,,,,,,,,,
"Warsan First","2 B/R","Flat",,,,,,,,,,,,,,
"MOTOR CITY","4 B/R","Flat",,,,,,,,,,,,,,
"Trade Center Second","3 B/R","Flat","3000000.0","268.03","11192.777","38000.0","74.32","511.3024757804091","5","0.045681465830812604","0.36586392","0.5348896",,"-0.20746064","-0.41229308","-0.42338187"
"Mirdif","3 B/R","Villa","2200000.0","222.93","9868.569","105000.0","186.38","563.3651679364739","6","0.05708681256207185","0.100000024","0.15789473","0.07317078","-0.11290318","-0.19999993","0.4854828"
"MIRA","4 B/R","Villa","2450000.0","306.0","8006.536","125000.0","302.0","413.9072847682119","62","0.05169617396366091","0.14155018","0.43979204","0.25159025","0.14482021","0.095596075","0.18901074"
"TOWN SQUARE","Studio","Flat","330000.0","30.67","10759.7","24500.0","30.0","816.6666666666666","10","0.07590050390274353","-0.24219227","-0.18391722","-0.22083628","-0.22500515","-0.2624659","-0.23814315"
"DUBAI HEALTHCARE CITY - PHASE 2","2 B/R","Flat","1050000.0","103.03","10191.207","70000.0","96.0","729.1666666666666","56","0.07154860699333972","0.46334326","0.2351743","-0.17243612",,"-0.28657997",
"DOWN TOWN JABAL ALI","3 B/R","Flat",,,,,,,,,,,,,,
"ARABIAN RANCHES I","6 B/R","Villa","2765000.0","354.18","7806.765","145000.0","324.0","447.5308641975309","5","0.057326031507287274","0.11792874","0.28298306","0.42624974","0.27280772","0.009597182","-0.029824555"
"DUBAI STUDIO CITY","3 B/R","Flat","850000.0","125.45","6775.608","75000.0","153.0","490.19607843137254","3","0.07234717311440005","0.21992826",,"-0.18351263",,,"-0.3791079"
"ARABIAN RANCHES II","3 B/R","Villa","2000000.0","140.0","14285.714","123625.0","150.0","824.1666666666666","106","0.05769166835685226","0.17647052","0.33789277","0.34962964","0.23987472","0.23277915",
"DUBAI MARITIME CITY","2 B/R","Flat","2368350.0","128.98","18362.15","122000.0","129.0","945.7364341085271","18","0.05150466660982057",,,,,,"-0.20251644"
"JUMEIRA BAY","4 B/R","Flat","5.0E7","876.92","57017.746",,,,"3",,"0.46266067",,,"0.36479747","0.7224065",
"JADDAF WATERFRONT","4 B/R","Flat","5001000.0","438.07","11415.983","235000.0","378.0","621.6931216931217","4","0.05445813120034955","-0.18016392",,"0.1834147","-0.54536366","-0.6453283","-0.34251994"
"DUBAI MARITIME CITY","Studio","Flat","864000.0","40.99","21078.31","45000.0","41.0","1097.560975609756","6","0.052070633135845736",,,,,,"-0.10989052"
"Madinat Al Mataar","4 B/R","Villa","1834888.0","323.59","5670.41",,,,"510",,,,,,,
"SOBHA HEARTLAND","1 B/R","Flat","1110013.0","66.25","16754.914","63000.0","73.25","860.0682593856656","1006","0.05133229906028744","-0.1713621","0.14007473","0.1507541","0.1467129","0.050810575","0.05799806"
"SUFOUH GARDENS","2 B/R","Flat",,,,,,,,,,,,,,
"Rega Al Buteen","3 B/R","Flat","1400000.0","168.34","8316.503","75000.0","161.0","465.83850931677017","4","0.05601374919906082","0.27715325",,,"-0.06951696","-0.079425156","-0.05640024"
"DUBAI SCIENCE PARK","1 B/R","Flat","672620.0","75.46","8913.597","85000.0","107.01","794.3182880104663","39","0.08911310625267309","-0.22450072","-0.22954899","-0.23243517","-0.21859425","-0.28512585","-0.2663023"
"MUDON","3 B/R","Flat","1842000.0","137.79","13368.17","92000.0","137.77","667.779632721202","8","0.04995295815536284","-0.034521043",,,,,
"SOBHA HEARTLAND","2 B/R","Flat","1806828.0","110.13","16406.32","84772.12","109.0","777.725871559633","476","0.047404040439651934","-0.096467614","0.18428016","0.073748946","0.05027306","0.04138112","0.050026655"
"DUBAI MARINA","1 B/R","Flat","1175000.0","76.26","15407.814","68000.0","80.0","850.0","1026","0.05516681178800175","0.20538914","0.3915974","0.18347418","-0.017880261","-0.040991902","-0.047180712"
"JUMEIRAH BEACH RESIDENCE","2 B/R","Flat","2000000.0","129.0","15503.876","105000.0","129.0","813.953488372093","224","0.05249999997436523","-0.0065238476","-0.17664927","0.3378811","0.18048334","-0.1384564","-0.03622538"
"ARJAN","2 B/R","Flat","973000.0","98.16","9912.388","59000.0","109.0","541.2844036697247","321","0.05460686368489142","0.056141376","0.076485276","0.019621134","0.08517444","-0.038318217","-0.071947396"
"THE LAKES","2 B/R","Villa",,,,,,,,,,,,,,
"DUBAI STUDIO CITY","1 B/R","Flat","520000.0","72.45","7177.364","40000.0","69.0","579.7101449275362","18","0.08076922997667664","-0.21117896","-0.15189666","-0.1789096","-0.3934697","-0.36944473","-0.3960511"
"BARSHA HEIGHTS","2 B/R","Flat","920000.0","121.45","7575.134","67760.0","121.0","560.0","21","0.07392608706245778","-0.008346081","0.13441837","-0.24947566","-0.24505556","-0.35111284","-0.4134736"
"DUBAI INVESTMENT PARK FIRST","5 B/R","Villa",,,,,,,,,,,,,,
"EMIRATE LIVING","4 B/R","Villa","3250000.0","346.51","9379.238","160000.0","348.6","458.97877223178426","41","0.048935612729802055","0.19758976","0.5820402","0.51987386","0.2943716","0.15900588","0.16201949"
"Al Hebiah Fourth","3 B/R","Villa","1848000.0","140.5","13153.025",,,,"38",,"0.0078293085",,,,,
"SERENA","3 B/R","Villa","1950000.0","259.93","7502.02","105000.0","255.0","411.7647058823529","100","0.05488717769485255","0.09661138","0.11477232","0.089868546","0.09476411","-0.052875698",
"MEYDAN AVENUE","2 B/R","Flat","1547920.0","142.54","10859.549","95000.0","142.58","666.2926076588582","59","0.06135545943982828","0.04929006","0.14636612","0.19446921","-0.031750083","-0.15588754","-0.017033756"
"Zaabeel Second","3 B/R","Flat","3671888.0","164.93","22263.312","240000.0","164.98","1454.7217844587224","54","0.06534165948839475","-0.045173764","-0.048774064","0.076606154","0.054843187","0.110247254","-0.06965166"
"DUBAI HEALTHCARE CITY - PHASE 1","1 B/R","Flat",,,,,,,,,,,,,,
"Al Kifaf","2 B/R","Flat","2205777.0","146.11","15096.6875","110000.0","146.04","753.2182963571624","171","0.04989295144098084","0.0473814","0.13262904","0.10670948","0.14328074",,
"DUBAI WATER CANAL","1 B/R","Flat","1806000.0","82.19","21973.475",,,,"302",,,,,,,
"MBR DISTRICT 7","4 B/R","Villa","4235000.0","330.02","12832.556",,,,"4",,"0.48309743",,,,,
"Wadi Al Safa 5","4 B/R","Villa","3174270.0","300.0","10580.9",,,,"182",,"0.5323155",,,,,
"SOBHA HEARTLAND","3 B/R","Flat","2409765.0","143.15","16833.846","135000.0","178.0","758.4269662921348","61","0.04505369596867233","0.028191686","0.10299945","0.09371281","0.08006692","0.0569731",
"MBR DISTRICT 1","4 B/R","Flat","6621799.5","307.66","21523.107",,,,"26",,"0.046891093",,,,,
"TILAL AL GHAF","3 B/R","Villa","1750000.0","140.43","12461.726",,,,"77",,"0.20689654","0.26080692",,,,
"EMAAR SOUTH","1 B/R","Flat","550000.0","60.44","9099.934","30000.0","60.0","500.0","7","0.05494545590348144","0.094904065","-0.22023058","-0.21004641","-0.20891935","-0.20323539",
"MEYDAN AVENUE","1 B/R","Flat","810000.0","75.61","10712.868","55000.0","76.0","723.6842105263158","79","0.06755279720084623","-0.15526402","-0.094350636","0.07452881","-0.09521681","-0.17414504","-0.18855733"
"DUBAI HEALTHCARE CITY - PHASE 1","Studio","Flat",,,,,,,,,,,,,,
"CITY WALK","3 B/R","Flat","4800000.0","212.34","22605.256","207000.0","215.86","958.9548781617715","60","0.04242176616479514","0.3753208","0.33588016","0.27221668","0.2976011","0.22448206","0.45175385"
"BUSINESS BAY","5 B/R","Flat",,,,,,,,,,,,,,
"DUBAI WATER CANAL","3 B/R","Flat","4612800.0","189.3","24367.67",,,,"86",,"-0.5464761",,,,,
"AL FURJAN","5 B/R","Villa","2600000.0","225.4","11535.049",,,,"3",,,,,,,
"Jumeirah First","4 B/R","Flat","1.7508E7","295.73","59202.65",,,,"3",,,,,,,
"INTERNATIONAL CITY PH 1","1 B/R","Flat","313000.0","68.0","4602.9414","30000.0","68.0","441.1764705882353","557","0.09584664058273559","0.04333341","0.00967741","-0.051515162","-0.40668088","-0.31956518","-0.35794866"
"THE GREENS","2 B/R","Flat","1430000.0","124.77","11461.089","95000.0","125.0","760.0","165","0.06631132598368035","0.070956945","0.21627307","0.1533382","-0.05818504","-0.18954605","-0.20319963"
"MEYDAN AVENUE","3 B/R","Flat","2500000.0","171.81","14550.958","147000.0","260.23","564.8849095031318","8","0.038821149040485274","0.45622265","0.2900144",,"0.6810334","0.27074444","0.34743226"
"MUDON","1 B/R","Flat",,,,,,,,,,,,,,
"THE GREENS","1 B/R","Flat","775000.0","71.31","10868.041","60950.0","74.0","823.6486486486486","148","0.07578630292841991","0.024041057","0.17033267","0.0333333","-0.15685034","-0.2613684","-0.2858709"
"INTERNATIONAL CITY PH 1","3 B/R","Flat","1508000.0","221.47","6809.049","65000.0","124.0","524.1935483870968","38","0.07698484202696537","0.5080681","0.4973718","0.27933395","-0.0017521977","0.24026823","-0.081204"
"LIVING LEGENDS","Studio","Flat","700000.0","53.19","13160.369","26500.0","52.87","501.22943067902406","4","0.038086274429170015","0.14926004","0.5338032","1.5508425","0.36530292","0.17753959","0.7762176"
"DUBAI MARINA","2 B/R","Flat","2000000.0","125.14","15982.101","93500.0","123.15","759.2367032074706","821","0.047505438920558155","0.24021089","0.5182996","0.27721894","0.10264504","0.08030367","-0.08158898"
"JUMEIRAH VILLAGE TRIANGLE","2 B/R","Flat","1279000.0","135.22","9458.66","57000.0","103.0","553.3980582524272","75","0.058507024156773224","0.8370683","0.89793205","0.26173127","-0.07501304","0.020151138","-0.14837223"
"LA MER","4 B/R","Flat","8250000.0","304.27","27114.078","300000.0","292.0","1027.3972602739725","7","0.03789165375778279","0.12734258","0.13341653","0.25800776",,,
"AL BARARI","Studio","Flat","727563.06","51.24","14199.122",,,,"6",,"0.2807939",,"0.10678661",,,
"DUBAI SPORTS CITY","4 B/R","Flat",,,,,,,,,,,,,,
"Al Yufrah 1","4 B/R","Villa","1961888.0","257.52","7618.391",,,,"169",,,,,,,
